category,title,creator,pub_year,description
book,Morning Delight,Franky,2015,Shabby chic small batch celiac migas yuccie.
album,Melty Bean,Sadi,1988,Slow-carb chia heirloom distillery try-hard hella crucifix listicle diy.
album,Postmodern America,Ryuma,1979,Kombucha aesthetic swag banh mi.
book,Major Volcano,Sugar,1938,Everyday park kickstarter venmo deep v.
album,Kreb-Full-o Solstice,Magellan,2015,Wayfarers banh mi chillwave hella phlogiston echo meditation.
book,Blacktop Forrester,Hannyabal,1925,Migas intelligentsia synth humblebrag mustache.
album,Spilt Bean,Aokiji,1987,Shabby chic wolf post-ironic fanny pack cliche art party.
album,Red Town,Nojiko,1988,Tattooed sriracha master lumbersexual distillery.
album,Hello Forrester,Se√±or Pink,1980,Fingerstache beard tousled yuccie fashion axe.
album,KrebStar America,Capone Bege,1988,Listicle pour-over occupy crucifix chambray.
book,Morning Cup,Hannyabal,1969,Sustainable literally small batch gastropub freegan mlkshk williamsburg tofu.
album,Kreb-Full-o Java,Jesus Burgess,2004,Vinegar truffaut artisan taxidermy 90's waistcoat kickstarter ramps ethical.
book,Pumpkin-spice Select,Shanks,2015,Try-hard leggings letterpress food truck readymade distillery poutine ethical.
album,Captain's Breaker,Dellinger,1989,Blue bottle truffaut brunch butcher tacos.
album,Hello Light,Brook,2014,Keffiyeh organic 90's master farm-to-table lumbersexual bitters +1 skateboard.
album,Dark Nuts,Trafalgar D. Water Law,1960,Mustache food truck cronut pickled actually roof.
album,Postmodern Look,Bellamy,1986,Tilde truffaut kogi mumblecore brooklyn hella bicycle rights.
book,Red Coffee,Ryuma,1989,Bitters hashtag bespoke bicycle rights lumbersexual photo booth literally.
album,Brooklyn Breaker,Vinsmoke Sanji,1933,Portland craft beer meditation pinterest irony cred.
album,Morning Utopia,Trafalgar D. Water Law,1960,Wayfarers letterpress street hella pour-over distillery flannel pop-up.
book,Summer Been,Akainu,1957,Keytar tofu everyday blog.
book,The America,Monkey D. Luffy,1927,Roof muggle magic seitan put a bird on it cliche.
book,Spilt Extract,Franky,1992,Cred asymmetrical vinegar gluten-free chia health.
book,Red Mug,Nico Robin,1950,Biodiesel celiac kinfolk chia.
album,Green Look,Smoker,1987,Irony paleo tacos readymade organic green juice trust fund celiac.
